id,region,name,type,units,deposit,rent,address,subaddresses
sh26-001,강남구,세곡2지구 3단지 레미안포레,49,6,"5,400만원대",38만원대,서울특별시 강남구 밤고개로21길 25,세곡2지구 3단지 래미안포레::서울특별시 강남구 밤고개로21길 25
sh26-002,강남구,세곡2지구 4단지 강남한양수자인,49,11,"5,600만원대",39만원대,서울특별시 강남구 자곡로 260,세곡2지구 4단지 강남한양수자인::서울특별시 강남구 자곡로 260
sh26-003,강남구,세곡2지구 4단지 강남한양수자인,59,9,"6,600만원대",44만원대,서울특별시 강남구 자곡로 260,세곡2지구 4단지 강남한양수자인::서울특별시 강남구 자곡로 260
sh26-004,강남구,세곡2지구 6단지 강남한신휴플러스,39,4,"4,100만원대",30만원대,서울특별시 강남구 밤고개로26길 50,세곡2지구 6단지 강남한신휴플러스::서울특별시 강남구 밤고개로26길 50
sh26-005,강남구,세곡2지구 6단지 강남한신휴플러스,49,2,"6,300만원대",40만원대,서울특별시 강남구 밤고개로26길 50,세곡2지구 6단지 강남한신휴플러스::서울특별시 강남구 밤고개로26길 50
sh26-006,강남구,세곡2지구 8단지 강남한신휴플러스,59,2,"9,800만원대",51만원대,서울특별시 강남구 밤고개로27길 20,세곡2지구 8단지 강남한신휴플러스::서울특별시 강남구 밤고개로27길 20
sh26-007,강남구,세곡지구 (강남신동아 外),39,17,"3,000~3,200만원대",26~27만원대,서울특별시 강남구 헌릉로590길 100,강남신동아파밀리에1단지::서울특별시 강남구 헌릉로590길 100|강남신동아파밀리에2단지::서울특별시 강남구 헌릉로590길 10|세곡리엔파크3단지::서울특별시 강남구 헌릉로590길 11|세곡리엔파크4단지::서울특별시 강남구 헌릉로590길 88|강남데시앙파크::서울특별시 강남구 헌릉로590길 63
sh26-008,강남구,세곡지구 (강남신동아 外),49,25,"4,600~4,900만원대",34~36만원대,서울특별시 강남구 헌릉로590길 100,강남신동아파밀리에1단지::서울특별시 강남구 헌릉로590길 100|강남신동아파밀리에2단지::서울특별시 강남구 헌릉로590길 10|세곡리엔파크3단지::서울특별시 강남구 헌릉로590길 11|세곡리엔파크4단지::서울특별시 강남구 헌릉로590길 88|강남데시앙파크::서울특별시 강남구 헌릉로590길 63
sh26-009,강남구,세곡지구 (강남신동아 外),59,37,"5,400~5,900만원대",38~40만원대,서울특별시 강남구 헌릉로590길 100,강남신동아파밀리에1단지::서울특별시 강남구 헌릉로590길 100|강남신동아파밀리에2단지::서울특별시 강남구 헌릉로590길 10|세곡리엔파크3단지::서울특별시 강남구 헌릉로590길 11|세곡리엔파크4단지::서울특별시 강남구 헌릉로590길 88|강남데시앙파크::서울특별시 강남구 헌릉로590길 63
sh26-010,강동구,강동권역 강일지구 강일리버파크,39,80,"3,000만원대",23만원대,서울특별시 강동구 아리수로93가길 25,강일리버파크1단지::서울특별시 강동구 아리수로93가길 25|강일리버파크2단지::서울특별시 강동구 아리수로97길 68|강일리버파크3단지::서울특별시 강동구 아리수로93길 40|강일리버파크4단지::서울특별시 강동구 아리수로97길 19|강일리버파크5단지::서울특별시 강동구 아리수로97길 20|강일리버파크6단지::서울특별시 강동구 아리수로94길 19|강일리버파크7단지::서울특별시 강동구 아리수로98길 25|강일리버파크8단지::서울특별시 강동구 아리수로94길 72|강일리버파크9단지::서울특별시 강동구 고덕로97길 29|강일리버파크10단지::서울특별시 강동구 고덕로97길 20
sh26-011,강동구,강동권역 강일지구 강일리버파크,49,67,"4,100만원대",27만원대,서울특별시 강동구 아리수로93가길 25,강일리버파크1단지::서울특별시 강동구 아리수로93가길 25|강일리버파크2단지::서울특별시 강동구 아리수로97길 68|강일리버파크3단지::서울특별시 강동구 아리수로93길 40|강일리버파크4단지::서울특별시 강동구 아리수로97길 19|강일리버파크5단지::서울특별시 강동구 아리수로97길 20|강일리버파크6단지::서울특별시 강동구 아리수로94길 19|강일리버파크7단지::서울특별시 강동구 아리수로98길 25|강일리버파크8단지::서울특별시 강동구 아리수로94길 72|강일리버파크9단지::서울특별시 강동구 고덕로97길 29|강일리버파크10단지::서울특별시 강동구 고덕로97길 20
sh26-012,강동구,강동권역 강일지구 강일리버파크,59,86,"4,900~6,400만원대",32~37만원대,서울특별시 강동구 아리수로93가길 25,강일리버파크1단지::서울특별시 강동구 아리수로93가길 25|강일리버파크2단지::서울특별시 강동구 아리수로97길 68|강일리버파크3단지::서울특별시 강동구 아리수로93길 40|강일리버파크4단지::서울특별시 강동구 아리수로97길 19|강일리버파크5단지::서울특별시 강동구 아리수로97길 20|강일리버파크6단지::서울특별시 강동구 아리수로94길 19|강일리버파크7단지::서울특별시 강동구 아리수로98길 25|강일리버파크8단지::서울특별시 강동구 아리수로94길 72|강일리버파크9단지::서울특별시 강동구 고덕로97길 29|강일리버파크10단지::서울특별시 강동구 고덕로97길 20
sh26-013,강동구,강일2지구 고덕리엔파크,49,34,"4,300~4,400만원대",31~32만원대,서울특별시 강동구 상일로 152,고덕리엔파크1단지::서울특별시 강동구 상일로 152|고덕리엔파크2단지::서울특별시 강동구 고덕로 427|고덕리엔파크3단지::서울특별시 강동구 상일로 74
sh26-014,강동구,강일2지구 고덕리엔파크,59,70,"5,100~5,200만원대",35~36만원대,서울특별시 강동구 상일로 152,고덕리엔파크1단지::서울특별시 강동구 상일로 152|고덕리엔파크2단지::서울특별시 강동구 고덕로 427|고덕리엔파크3단지::서울특별시 강동구 상일로 74
sh26-015,강동구,고덕강일2지구 강동리버스트,29,46,"1,800~1,900만원대",18~19만원대,서울특별시 강동구 아리수로93가길 110,강동리버스트4단지::서울특별시 강동구 아리수로93가길 110|강동리버스트6단지::서울특별시 강동구 아리수로93가길 77|강동리버스트7단지::서울특별시 강동구 아리수로93가길 70|강동리버스트8단지::서울특별시 강동구 아리수로93나길 88
sh26-016,강동구,고덕강일2지구 강동리버스트,39,40,"3,500~3,700만원대",25~26만원대,서울특별시 강동구 아리수로93가길 110,강동리버스트4단지::서울특별시 강동구 아리수로93가길 110|강동리버스트6단지::서울특별시 강동구 아리수로93가길 77|강동리버스트7단지::서울특별시 강동구 아리수로93가길 70|강동리버스트8단지::서울특별시 강동구 아리수로93나길 88
sh26-017,강동구,고덕강일2지구 강동리버스트,49,30,"5,400만원대",33만원대,서울특별시 강동구 아리수로93가길 110,강동리버스트4단지::서울특별시 강동구 아리수로93가길 110|강동리버스트6단지::서울특별시 강동구 아리수로93가길 77|강동리버스트7단지::서울특별시 강동구 아리수로93가길 70|강동리버스트8단지::서울특별시 강동구 아리수로93나길 88
sh26-018,강동구,고덕강일3지구 강동리엔파크,29,26,"1,800~2,000만원대",18~20만원대,서울특별시 강동구 고덕로98길 29,강동리엔파크9단지::서울특별시 강동구 고덕로98길 29|강동리엔파크14단지::서울특별시 강동구 고덕로98길 160
sh26-019,강동구,고덕강일3지구 강동리엔파크,39,15,"3,500~3,900만원대",24~27만원대,서울특별시 강동구 고덕로98길 29,강동리엔파크9단지::서울특별시 강동구 고덕로98길 29|강동리엔파크14단지::서울특별시 강동구 고덕로98길 160
sh26-020,강동구,고덕강일3지구 강동리엔파크,49,11,"5,400만원대",32만원대,서울특별시 강동구 고덕로98길 29,강동리엔파크9단지::서울특별시 강동구 고덕로98길 29|강동리엔파크14단지::서울특별시 강동구 고덕로98길 160
sh26-021,강동구,고덕강일지구 13단지,39,18,"3,700만원대",26만원대,서울특별시 강동구 고덕로98길 161,강동리엔파크13단지::서울특별시 강동구 고덕로98길 161
sh26-022,강동구,고덕강일지구 13단지,49,7,"5,400만원대",33만원대,서울특별시 강동구 고덕로98길 161,강동리엔파크13단지::서울특별시 강동구 고덕로98길 161
sh26-023,강동구,고덕온빛채,49,20,"6,000만원대",38만원대,서울특별시 강동구 아리수로 385,고덕온빛채::서울특별시 강동구 아리수로 385
sh26-024,강서구,마곡지구 마곡엠벨리,49,6,"5,500~6,400만원대",37~42만원대,서울특별시 강서구 마곡서1로 131,마곡엠밸리1단지::서울특별시 강서구 마곡서1로 131|마곡엠밸리2단지::서울특별시 강서구 마곡서1로 146|마곡엠밸리3단지::서울특별시 강서구 마곡서1로 132|마곡엠밸리4단지::서울특별시 강서구 마곡서로 175|마곡엠밸리5단지::서울특별시 강서구 마곡서1로 111-11|마곡엠밸리6단지::서울특별시 강서구 마곡서1로 100|마곡엠밸리7단지::서울특별시 강서구 마곡서로 133|마곡엠밸리8단지::서울특별시 강서구 마곡서1로 81|마곡엠밸리10단지::서울특별시 강서구 마곡중앙1로 72|마곡엠밸리11단지::서울특별시 강서구 공항대로 124|마곡엠밸리12단지::서울특별시 강서구 공항대로 140|마곡엠밸리14단지::서울특별시 강서구 마곡중앙로 33|마곡엠밸리15단지::서울특별시 강서구 마곡중앙로 36
sh26-025,강서구,마곡지구 마곡엠벨리,59,4,"5,700~7,500만원대",37~46만원대,서울특별시 강서구 마곡서1로 131,마곡엠밸리1단지::서울특별시 강서구 마곡서1로 131|마곡엠밸리2단지::서울특별시 강서구 마곡서1로 146|마곡엠밸리3단지::서울특별시 강서구 마곡서1로 132|마곡엠밸리4단지::서울특별시 강서구 마곡서로 175|마곡엠밸리5단지::서울특별시 강서구 마곡서1로 111-11|마곡엠밸리6단지::서울특별시 강서구 마곡서1로 100|마곡엠밸리7단지::서울특별시 강서구 마곡서로 133|마곡엠밸리8단지::서울특별시 강서구 마곡서1로 81|마곡엠밸리10단지::서울특별시 강서구 마곡중앙1로 72|마곡엠밸리11단지::서울특별시 강서구 공항대로 124|마곡엠밸리12단지::서울특별시 강서구 공항대로 140|마곡엠밸리14단지::서울특별시 강서구 마곡중앙로 33|마곡엠밸리15단지::서울특별시 강서구 마곡중앙로 36
sh26-026,강서구,마곡지구 9단지 마곡엠밸리,49,2,"5,700만원대",31만원대,서울특별시 강서구 공항대로 103,마곡엠밸리9단지::서울특별시 강서구 공항대로 103
sh26-027,강서구,발산지구 마곡수명산파크,59,40,"4,000~4,300만원대",29~32만원대,서울특별시 강서구 강서로47길 108,마곡수명산파크1단지::서울특별시 강서구 강서로47길 108|마곡수명산파크2단지::서울특별시 강서구 강서로47길 158|마곡수명산파크3단지::서울특별시 강서구 수명로1길 110|마곡수명산파크4단지::서울특별시 강서구 수명로1길 16|마곡수명산파크5단지::서울특별시 강서구 수명로2길 105|마곡수명산파크6단지::서울특별시 강서구 수명로2길 63|마곡수명산파크7단지::서울특별시 강서구 수명로2가길 22
sh26-028,구로구,천왕지구 천왕이펜하우스,39,6,"2,800~3,500만원대",24~28만원대,서울특별시 구로구 천왕로 91,천왕이펜하우스1단지::서울특별시 구로구 천왕로 91|천왕이펜하우스2단지::서울특별시 구로구 천왕로 92|천왕이펜하우스3단지::서울특별시 구로구 천왕로 56|천왕이펜하우스4단지::서울특별시 구로구 천왕로 29|천왕이펜하우스5단지::서울특별시 구로구 천왕로 10|천왕이펜하우스6단지::서울특별시 구로구 천왕로 9
sh26-029,구로구,천왕지구 천왕이펜하우스,49,58,"4,300~4,900만원대",32~34만원대,서울특별시 구로구 천왕로 91,천왕이펜하우스1단지::서울특별시 구로구 천왕로 91|천왕이펜하우스2단지::서울특별시 구로구 천왕로 92|천왕이펜하우스3단지::서울특별시 구로구 천왕로 56|천왕이펜하우스4단지::서울특별시 구로구 천왕로 29|천왕이펜하우스5단지::서울특별시 구로구 천왕로 10|천왕이펜하우스6단지::서울특별시 구로구 천왕로 9
sh26-030,구로구,천왕지구 천왕이펜하우스,59,66,"5,100~5,900만원대",36~39만원대,서울특별시 구로구 천왕로 91,천왕이펜하우스1단지::서울특별시 구로구 천왕로 91|천왕이펜하우스2단지::서울특별시 구로구 천왕로 92|천왕이펜하우스3단지::서울특별시 구로구 천왕로 56|천왕이펜하우스4단지::서울특별시 구로구 천왕로 29|천왕이펜하우스5단지::서울특별시 구로구 천왕로 10|천왕이펜하우스6단지::서울특별시 구로구 천왕로 9
sh26-031,구로구,천왕2지구 천왕연지타운,39,12,"4,100만원대",29만원대,서울특별시 구로구 오류로 30,천왕연지타운1단지::서울특별시 구로구 오류로 30|천왕연지타운2단지::서울특별시 구로구 오리로 1102-10
sh26-032,구로구,천왕2지구 천왕연지타운,49,26,"5,400~6,100만원대",34~37만원대,서울특별시 구로구 오류로 30,천왕연지타운1단지::서울특별시 구로구 오류로 30|천왕연지타운2단지::서울특별시 구로구 오리로 1102-10
sh26-033,구로구,천왕2지구 천왕연지타운,59,39,"6,500~7,600만원대",39~44만원대,서울특별시 구로구 오류로 30,천왕연지타운1단지::서울특별시 구로구 오류로 30|천왕연지타운2단지::서울특별시 구로구 오리로 1102-10
sh26-034,구로구,항동지구 항동하버라인,39,37,"3,400~3,700만원대",25~27만원대,서울특별시 구로구 연동로 234,항동하버라인2단지::서울특별시 구로구 연동로 234|항동하버라인3단지::서울특별시 구로구 항동로 43|항동하버라인4단지::서울특별시 구로구 항동로 72|항동하버라인8단지::서울특별시 구로구 서해안로 2036|항동하버라인9단지::서울특별시 구로구 항동로 68|항동하버라인10단지::서울특별시 구로구 항동로 60|항동하버라인11단지::서울특별시 구로구 연동로 191-5
sh26-035,구로구,항동지구 항동하버라인,49,14,"5,100만원대",32만원대,서울특별시 구로구 연동로 234,항동하버라인2단지::서울특별시 구로구 연동로 234|항동하버라인3단지::서울특별시 구로구 항동로 43|항동하버라인4단지::서울특별시 구로구 항동로 72|항동하버라인8단지::서울특별시 구로구 서해안로 2036|항동하버라인9단지::서울특별시 구로구 항동로 68|항동하버라인10단지::서울특별시 구로구 항동로 60|항동하버라인11단지::서울특별시 구로구 연동로 191-5
sh26-036,구로구,항동지구 항동하버라인,59,43,"5,900~6,600만원대",37~39만원대,서울특별시 구로구 연동로 234,항동하버라인2단지::서울특별시 구로구 연동로 234|항동하버라인3단지::서울특별시 구로구 항동로 43|항동하버라인4단지::서울특별시 구로구 항동로 72|항동하버라인8단지::서울특별시 구로구 서해안로 2036|항동하버라인9단지::서울특별시 구로구 항동로 68|항동하버라인10단지::서울특별시 구로구 항동로 60|항동하버라인11단지::서울특별시 구로구 연동로 191-5
sh26-037,노원구,상계보금자리지구 중계센트럴파크,49,2,"6,300만원대",37만원대,서울특별시 노원구 덕릉로70가길 21,중계센트럴파크::서울특별시 노원구 덕릉로70가길 21
sh26-038,노원구,"상계장암지구 3,4단지 수락리버시티",39,20,"2,900만원대",23만원대,서울특별시 노원구 누원로 28,수락리버시티3단지::서울특별시 노원구 누원로 28|수락리버시티4단지::서울특별시 노원구 누원로 18
sh26-039,마포구,상암2지구 상암월드컵파크,39,3,"3,200만원대",25만원대,서울특별시 마포구 월드컵북로 501,상암월드컵파크9단지::서울특별시 마포구 월드컵북로 501|상암월드컵파크10단지::서울특별시 마포구 월드컵북로 502-36
sh26-040,마포구,상암2지구 상암월드컵파크,49,8,"4,700~5,400만원대",32~33만원대,서울특별시 마포구 월드컵북로 501,상암월드컵파크9단지::서울특별시 마포구 월드컵북로 501|상암월드컵파크10단지::서울특별시 마포구 월드컵북로 502-36
sh26-041,마포구,상암2지구 상암월드컵파크,59,23,"5,700~6,500만원대",37~38만원대,서울특별시 마포구 월드컵북로 501,상암월드컵파크9단지::서울특별시 마포구 월드컵북로 501|상암월드컵파크10단지::서울특별시 마포구 월드컵북로 502-36
sh26-042,서초구,내곡지구 서초포레스타,39,13,"3,500만원대",30만원대,서울특별시 서초구 헌릉로8길 45,서초포레스타2단지::서울특별시 서초구 헌릉로8길 45|서초포레스타3단지::서울특별시 서초구 헌릉로8길 22
sh26-043,서초구,내곡지구 서초포레스타,49,43,"5,300~6,600만원대",39~42만원대,서울특별시 서초구 헌릉로8길 45,서초포레스타2단지::서울특별시 서초구 헌릉로8길 45|서초포레스타3단지::서울특별시 서초구 헌릉로8길 22
sh26-044,서초구,우면2지구 다세대 네이처힐가든,46,2,"6,400만원대",38만원대,서울특별시 서초구 형촌길 60,네이처힐가든::서울특별시 서초구 형촌길 60
sh26-045,서초구,우면2지구 서초네이처힐,39,18,"3,000~4,100만원대",25~27만원대,서울특별시 서초구 형촌길 35,서초네이처힐1단지::서울특별시 서초구 형촌길 35|서초네이처힐2단지::서울특별시 서초구 형촌길 15|서초네이처힐3단지::서울특별시 서초구 태봉로2길 60|서초네이처힐4단지::서울특별시 서초구 태봉로2길 65|서초네이처힐5단지::서울특별시 서초구 태봉로2길 5|서초네이처힐6단지::서울특별시 서초구 태봉로2길 30|서초네이처힐7단지::서울특별시 서초구 태봉로2길 10
sh26-046,서초구,우면2지구 서초네이처힐,49,40,"4,400~5,200만원대",31~35만원대,서울특별시 서초구 형촌길 35,서초네이처힐1단지::서울특별시 서초구 형촌길 35|서초네이처힐2단지::서울특별시 서초구 형촌길 15|서초네이처힐3단지::서울특별시 서초구 태봉로2길 60|서초네이처힐4단지::서울특별시 서초구 태봉로2길 65|서초네이처힐5단지::서울특별시 서초구 태봉로2길 5|서초네이처힐6단지::서울특별시 서초구 태봉로2길 30|서초네이처힐7단지::서울특별시 서초구 태봉로2길 10
sh26-047,서초구,우면2지구 서초네이처힐,59,65,"5,200~7,200만원대",35~40만원대,서울특별시 서초구 형촌길 35,서초네이처힐1단지::서울특별시 서초구 형촌길 35|서초네이처힐2단지::서울특별시 서초구 형촌길 15|서초네이처힐3단지::서울특별시 서초구 태봉로2길 60|서초네이처힐4단지::서울특별시 서초구 태봉로2길 65|서초네이처힐5단지::서울특별시 서초구 태봉로2길 5|서초네이처힐6단지::서울특별시 서초구 태봉로2길 30|서초네이처힐7단지::서울특별시 서초구 태봉로2길 10
sh26-048,성동구,마장동 임대아파트,39,10,"2,000만원대",26만원대,서울특별시 성동구 마조로15가길 23,마장SH-vill 임대아파트::서울특별시 성동구 마조로15가길 23
sh26-049,성동구,마장동 임대아파트,49,4,"3,200만원대",32만원대,서울특별시 성동구 마조로15가길 23,마장SH-vill 임대아파트::서울특별시 성동구 마조로15가길 23
sh26-050,성북구,장월1 에스에이치빌,39,4,"1,400만원대",21만원대,서울특별시 성북구 한천로101길 54,장월 에스에이치빌 1단지::서울특별시 성북구 한천로101길 54
sh26-051,송파구,마천지구 송파파크데일,39,6,"3,000~3,100만원대",24~25만원대,서울특별시 송파구 성내천로37길 37,송파파크데일1단지::서울특별시 송파구 성내천로37길 37|송파파크데일2단지::서울특별시 송파구 성내천로47길 38
sh26-052,송파구,마천지구 송파파크데일,49,18,"4,500~4,600만원대",31~32만원대,서울특별시 송파구 성내천로37길 37,송파파크데일1단지::서울특별시 송파구 성내천로37길 37|송파파크데일2단지::서울특별시 송파구 성내천로47길 38
sh26-053,송파구,마천지구 송파파크데일,59,19,"5,300~5,500만원대",36~37만원대,서울특별시 송파구 성내천로37길 37,송파파크데일1단지::서울특별시 송파구 성내천로37길 37|송파파크데일2단지::서울특별시 송파구 성내천로47길 38
sh26-054,송파구,오금지구 송파레미니스,39,32,"3,800만원대",24~25만원대,서울특별시 송파구 성내천로 6,송파레미니스::서울특별시 송파구 성내천로 6|송파레미니스2단지::서울특별시 송파구 동남로 341
sh26-055,송파구,오금지구 송파레미니스,49,13,"5,800만원대",32만원대,서울특별시 송파구 성내천로 6,송파레미니스::서울특별시 송파구 성내천로 6|송파레미니스2단지::서울특별시 송파구 동남로 341
sh26-056,송파구,오금지구 송파레미니스,59,6,"7,100만원대",39만원대,서울특별시 송파구 성내천로 6,송파레미니스::서울특별시 송파구 성내천로 6|송파레미니스2단지::서울특별시 송파구 동남로 341
sh26-057,송파구,위례포레샤인 13단지,39,16,"4,200만원대",27만원대,서울특별시 송파구 위례서이로 25,위례포레샤인13단지::서울특별시 송파구 위례서이로 25
sh26-058,송파구,위례포레샤인 13단지,59,2,"7,500만원대",40만원대,서울특별시 송파구 위례서이로 25,위례포레샤인13단지::서울특별시 송파구 위례서이로 25
sh26-059,송파구,위례포레샤인 23단지,39,31,"4,200만원대",26만원대,서울특별시 송파구 위례순환로 477,위례포레샤인23단지::서울특별시 송파구 위례순환로 477
sh26-060,송파구,위례포레샤인 23단지,49,48,"6,300만원대",33만원대,서울특별시 송파구 위례순환로 477,위례포레샤인23단지::서울특별시 송파구 위례순환로 477
sh26-061,송파구,장지지구 송파파인타운,39,42,"2,800~2,900만원대",24만원대,서울특별시 송파구 충민로 188,송파파인타운1단지::서울특별시 송파구 충민로 188|송파파인타운10단지::서울특별시 송파구 송파대로8길 20|송파파인타운11단지::서울특별시 송파구 송파대로8길 58|송파파인타운13단지::서울특별시 송파구 송파대로8길 10
sh26-062,송파구,장지지구 송파파인타운,49,57,"3,900~4,700만원대",27~30만원대,서울특별시 송파구 충민로 188,송파파인타운1단지::서울특별시 송파구 충민로 188|송파파인타운10단지::서울특별시 송파구 송파대로8길 20|송파파인타운11단지::서울특별시 송파구 송파대로8길 58|송파파인타운13단지::서울특별시 송파구 송파대로8길 10
sh26-063,송파구,장지지구 송파파인타운,59,59,"4,900~6,100만원대",33~36만원대,서울특별시 송파구 충민로 188,송파파인타운1단지::서울특별시 송파구 충민로 188|송파파인타운10단지::서울특별시 송파구 송파대로8길 20|송파파인타운11단지::서울특별시 송파구 송파대로8길 58|송파파인타운13단지::서울특별시 송파구 송파대로8길 10
sh26-064,양천구,신정3지구 신정이펜하우스,49,9,"4,000~4,900만원대",30~35만원대,서울특별시 양천구 신정이펜1로 99,신정이펜하우스1단지::서울특별시 양천구 신정이펜1로 99|신정이펜하우스2단지::서울특별시 양천구 신정이펜2로 55|신정이펜하우스3단지::서울특별시 양천구 신정이펜1로 50|신정이펜하우스4단지::서울특별시 양천구 신정이펜1로 51
sh26-065,양천구,신정3지구 신정이펜하우스,59,62,"4,700~5,800만원대",34~39만원대,서울특별시 양천구 신정이펜1로 99,신정이펜하우스1단지::서울특별시 양천구 신정이펜1로 99|신정이펜하우스2단지::서울특별시 양천구 신정이펜2로 55|신정이펜하우스3단지::서울특별시 양천구 신정이펜1로 50|신정이펜하우스4단지::서울특별시 양천구 신정이펜1로 51
sh26-066,양천구,신정4지구 신정숲속마을,39,6,"2,800만원대",23만원대,서울특별시 양천구 신정로 110,신정숲속마을::서울특별시 양천구 신정로 110
sh26-067,은평구,은평1지구 상림마을,39,43,"2,900만원대",21만원대,서울특별시 은평구 진관4로 78-7,상림마을6-1::서울특별시 은평구 진관4로 78-7|상림마을6-2::서울특별시 은평구 진관4로 100|상림마을6-3::서울특별시 은평구 진관4로 107|상림마을6-4::서울특별시 은평구 진관4로 87|상림마을7-1::서울특별시 은평구 진관4로 78-8|상림마을7-2::서울특별시 은평구 진관4로 77|상림마을7-3::서울특별시 은평구 진관4로 47|상림마을7-4::서울특별시 은평구 진관4로 48-17|상림마을7-5::서울특별시 은평구 진관4로 48-8|상림마을8-1::서울특별시 은평구 진관4로 37|상림마을8-2::서울특별시 은평구 진관4로 17|상림마을8-3::서울특별시 은평구 진관3로 70
sh26-068,은평구,은평1지구 상림마을,49,34,"4,500만원대",27만원대,서울특별시 은평구 진관4로 78-7,상림마을6-1::서울특별시 은평구 진관4로 78-7|상림마을6-2::서울특별시 은평구 진관4로 100|상림마을6-3::서울특별시 은평구 진관4로 107|상림마을6-4::서울특별시 은평구 진관4로 87|상림마을7-1::서울특별시 은평구 진관4로 78-8|상림마을7-2::서울특별시 은평구 진관4로 77|상림마을7-3::서울특별시 은평구 진관4로 47|상림마을7-4::서울특별시 은평구 진관4로 48-17|상림마을7-5::서울특별시 은평구 진관4로 48-8|상림마을8-1::서울특별시 은평구 진관4로 37|상림마을8-2::서울특별시 은평구 진관4로 17|상림마을8-3::서울특별시 은평구 진관3로 70
sh26-069,은평구,은평1지구 상림마을,59,78,"6,200~7,900만원대",37~45만원대,서울특별시 은평구 진관4로 78-7,상림마을6-1::서울특별시 은평구 진관4로 78-7|상림마을6-2::서울특별시 은평구 진관4로 100|상림마을6-3::서울특별시 은평구 진관4로 107|상림마을6-4::서울특별시 은평구 진관4로 87|상림마을7-1::서울특별시 은평구 진관4로 78-8|상림마을7-2::서울특별시 은평구 진관4로 77|상림마을7-3::서울특별시 은평구 진관4로 47|상림마을7-4::서울특별시 은평구 진관4로 48-17|상림마을7-5::서울특별시 은평구 진관4로 48-8|상림마을8-1::서울특별시 은평구 진관4로 37|상림마을8-2::서울특별시 은평구 진관4로 17|상림마을8-3::서울특별시 은평구 진관3로 70
sh26-070,은평구,은평2지구 (박석고개 外),39,14,"2,900~3,000만원대",22만원대,서울특별시 은평구 진관1로 21-9,박석고개1-1::서울특별시 은평구 진관1로 21-9|박석고개1-3::서울특별시 은평구 진관1로 21-10|마고정3-1::서울특별시 은평구 진관1로 55|마고정3-2::서울특별시 은평구 진관2로 90|마고정3-3::서울특별시 은평구 진관2로 60|우물골2-1::서울특별시 은평구 진관2로 67|우물골2-2::서울특별시 은평구 진관2로 77
sh26-071,은평구,은평2지구 (박석고개 外),49,6,"4,400~4,600만원대",27~29만원대,서울특별시 은평구 진관1로 21-9,박석고개1-1::서울특별시 은평구 진관1로 21-9|박석고개1-3::서울특별시 은평구 진관1로 21-10|마고정3-1::서울특별시 은평구 진관1로 55|마고정3-2::서울특별시 은평구 진관2로 90|마고정3-3::서울특별시 은평구 진관2로 60|우물골2-1::서울특별시 은평구 진관2로 67|우물골2-2::서울특별시 은평구 진관2로 77
sh26-072,은평구,은평2지구 (박석고개 外),59,36,"5,700~6,900만원대",37~41만원대,서울특별시 은평구 진관1로 21-9,박석고개1-1::서울특별시 은평구 진관1로 21-9|박석고개1-3::서울특별시 은평구 진관1로 21-10|마고정3-1::서울특별시 은평구 진관1로 55|마고정3-2::서울특별시 은평구 진관2로 90|마고정3-3::서울특별시 은평구 진관2로 60|우물골2-1::서울특별시 은평구 진관2로 67|우물골2-2::서울특별시 은평구 진관2로 77
sh26-073,은평구,은평3지구 구파발단지,39,10,"3,000~3,200만원대",22~24만원대,서울특별시 은평구 진관3로 67,구파발9-1단지::서울특별시 은평구 진관3로 67|구파발10-2단지::서울특별시 은평구 진관3로 15-35|구파발10-3단지::서울특별시 은평구 북한산로 2
sh26-074,은평구,은평3지구 구파발단지,49,2,"4,700만원대",31만원대,서울특별시 은평구 진관3로 67,구파발9-1단지::서울특별시 은평구 진관3로 67|구파발10-2단지::서울특별시 은평구 진관3로 15-35|구파발10-3단지::서울특별시 은평구 북한산로 2
sh26-075,은평구,은평3지구 구파발단지,59,28,"5,600~6,100만원대",36~37만원대,서울특별시 은평구 진관3로 67,구파발9-1단지::서울특별시 은평구 진관3로 67|구파발10-2단지::서울특별시 은평구 진관3로 15-35|구파발10-3단지::서울특별시 은평구 북한산로 2
sh26-076,중랑구,신내데시앙,59,8,"5,000만원대",32만원대,서울특별시 중랑구 용마산로 669,신내데시앙::서울특별시 중랑구 용마산로 669
sh26-077,중랑구,신내3지구 (신내우디안 外),49,8,"4,800~4,900만원대",33~35만원대,서울특별시 중랑구 신내역로1길 85,신내우디안1단지::서울특별시 중랑구 신내역로1길 85|신내데시앙포레::서울특별시 중랑구 신내역로 165
sh26-078,중랑구,신내3지구 (신내우디안 外),59,4,"5,800만원대",38~39만원대,서울특별시 중랑구 신내역로1길 85,신내우디안1단지::서울특별시 중랑구 신내역로1길 85|신내데시앙포레::서울특별시 중랑구 신내역로 165
sh26-079,의정부시,"상계장암 1,2단지 수락리버시티",39,5,"2,700만원대",21만원대,경기도 의정부시 누원로 51,수락리버시티1단지::경기도 의정부시 누원로 51|수락리버시티2단지::경기도 의정부시 누원로 52
